{
    "losses": [
        0.44654862253289473,
        0.44690840871710524,
        0.4460706208881579,
        0.44436420641447366,
        0.4446957236842105,
        0.4465563322368421,
        0.44457236842105263,
        0.4445235402960526,
        0.4436240748355263,
        0.44606291118421054,
        0.44537160773026313,
        0.4452097039473684,
        0.44480879934210527,
        0.44628392269736844,
        0.4466616981907895,
        0.44525082236842106,
        0.44388620476973684,
        0.44625308388157897,
        0.4452790912828947,
        0.44520199424342105,
        0.44534076891447366,
        0.445166015625,
        0.4453587582236842,
        0.4461939761513158,
        0.4436754728618421,
        0.443896484375,
        0.44674136513157897,
        0.4476511101973684,
        0.4451968544407895,
        0.44627364309210527,
        0.4460680509868421,
        0.4451146175986842,
        0.44608347039473684,
        0.44727076480263156,
        0.4467336554276316,
        0.4471242804276316,
        0.44527395148026316,
        0.44620168585526315,
        0.44657432154605264,
        0.44615542763157895,
        0.4445466694078947,
        0.4464072779605263,
        0.44555150082236844,
        0.4445055509868421,
        0.4448576274671053,
        0.4459729646381579,
        0.44479337993421053,
        0.4449681332236842,
        0.4456979851973684,
        0.4446854440789474
    ],
    "params": [
        -1.8852175591928815,
        4.64694054535719,
        -2.2299411636653335,
        0.4106036942889413,
        0.47316677059636203,
        -0.2125309037004691,
        -2.7460302216576373,
        -0.08536743706825475,
        2.797084617548238,
        -0.3520867611253594,
        -1.9120057502764711,
        -6.128679959990513,
        0.10887522630413585,
        -6.228212192093207,
        3.704198521040531,
        -0.46067072744575643,
        -1.7691414859537355,
        4.668430007549812,
        1.1741762122576815,
        3.8239094984454525,
        3.6048409975637283,
        1.178641118546795,
        -8.09941244850149,
        -0.26409550752386324,
        -8.039133054021947,
        -4.793023993058839,
        -3.5381196399219843,
        1.1616457209841944,
        -4.803483205241904,
        -7.896759293801684,
        -0.3025320069676549,
        1.457718215050434,
        1.1221607232740094,
        1.6505273551774418,
        -2.137539689233193,
        0.9753217607049838,
        -4.76868476839426,
        -1.0683829651949865,
        5.520619097395945,
        1.2343374892758916,
        -0.7440034416565312,
        0.6606704866897447,
        -4.97708224021144,
        1.9689709865410892,
        3.340103654427066,
        -2.893172521875242,
        -5.413405979770663,
        -4.998577229529359,
        -2.895149294900166,
        3.373170060356942,
        4.538229042065507,
        1.8572233866433325,
        -3.3494903170744466,
        -0.11770734960366964,
        2.216835001556769,
        2.877431094199181,
        -1.513565353696056,
        -3.6663840285475566,
        2.1912917097209443,
        1.8013252498318864,
        -2.781100888358232,
        1.1252713103366088,
        4.896406369394736,
        5.782077119747616,
        2.061496555992932,
        -2.3968050117491795,
        -7.817262954522122,
        0.31922316817252827,
        -4.852610521168059,
        -2.741864442996755,
        0.8901071093985803,
        -0.8159021414483457,
        2.067938068223093,
        -6.595157985963101,
        2.202493323148443,
        0.36039149920111213,
        0.04227922425917727,
        1.966253718140553,
        -1.4894720527157241,
        -1.3326492930655374,
        0.4784776745993198,
        -5.671097460324142,
        0.06750270242561576,
        4.614621588600081,
        4.829972022759342,
        2.6566388396037515,
        2.5248320697256355,
        2.3721815732740956,
        1.6007057549201889,
        2.1591856673902248,
        -0.20727547932427334,
        -0.7122959139351365,
        -0.46847806123520164,
        -1.5227190921413414,
        -1.9407615612670683,
        3.967906753714288,
        6.791351192549384,
        2.3667466481252646,
        -0.4288375008521619,
        0.866788312527891,
        3.620381223933069,
        -6.264320291845984,
        -4.156824832765211,
        3.4584230225783457,
        6.067634544006432,
        4.276866351385867,
        0.5424280767942539,
        -2.266918954488371,
        1.9004314619709148,
        -0.9842746397663845,
        1.2099055396036544,
        2.737862325610523,
        -2.2931797622309795,
        4.937650059787008,
        -5.193432643699068,
        -1.4824116047176823,
        0.3628656822279953,
        -7.008029085062984,
        -3.599728424970777,
        -0.5763358792294903,
        2.8908749818221566,
        -1.6234144547243303,
        -0.20023672211181773,
        -1.293324488959797,
        -3.4785703030337918,
        1.1249193260792694,
        -3.847349510857232,
        1.4125921369250432,
        -0.46495247270591,
        -1.6235429748907066,
        2.642899553027424,
        -1.7732073527381298,
        -0.2439500846020232,
        -1.6623600813578985,
        4.054439649961708,
        5.595004723619039,
        -3.409072497460302,
        1.358206485184595,
        -1.0021749886047655,
        0.8112550540844127,
        4.157705530427061,
        0.42311126560355117,
        1.6885273302885555,
        -0.3845396254404492,
        -2.151418181815358,
        0.28140143290527675,
        -2.868732167864309,
        -1.6186488678048725,
        -2.7960994152590426,
        -0.3382229458350008,
        -1.2235969729534715,
        1.8501477253019083,
        1.3633241173794726,
        -3.9228889318326816,
        2.756564382256459,
        -0.7917439778074346,
        1.010135785689964,
        -1.0845696518637198,
        -3.449325826668447,
        0.14529312053193108,
        -0.02792251007326986,
        -4.870507713668737,
        8.018117411198302,
        2.479784963787071,
        -3.291956809355701,
        -6.376751183410421,
        -1.2610143365631952,
        -4.48848922632584,
        -1.2255687552719168,
        4.2656357207139,
        1.6561549935003275,
        -4.087774110353754,
        -3.106567984738368,
        -3.34068216462703,
        0.4609129519633436,
        2.6221555704137742,
        -0.958649888223758,
        -2.6450394836035938,
        2.2444028508266514,
        2.1500865083547924,
        0.5990065285551281,
        -1.0823646245753735,
        2.8047113360070113,
        0.09048321089137891,
        -3.97926005251072,
        -2.2549845908565067,
        3.9798160782373047,
        -1.4837935120202996,
        -5.054299426737555,
        3.4677003932323207,
        0.47589478370037486,
        0.061231370887987385,
        2.288770297997265,
        -0.989846224947429,
        0.43653535377777264,
        -4.617306907686746,
        4.831974009929534,
        6.734889792181751,
        -1.4579191871880195,
        -0.5085458745561583,
        3.4876419066749453,
        -3.3426580779404182,
        0.8185066954084544,
        -5.725085117567699,
        5.1174562148231635,
        -4.285017933227521,
        -3.6737029516180417,
        4.74290946755699,
        -0.22178979083270736,
        -3.7745392484326667,
        0.2658674523529635,
        0.4414979445350208,
        -2.7583030494973895,
        3.3403877243290228,
        -2.3197160198634466,
        -3.718365133232513,
        -1.614946146555192,
        -2.2865507600349324,
        3.955165996854491,
        -1.3248196413952684,
        -0.25899675410636974,
        -0.6013053964127951,
        0.7452682732598193,
        -0.4673879136768143,
        3.65515290799364,
        0.4895087233995903,
        2.9285433147828557,
        1.1446801271408649
    ]
}