{
    "pauli_shadows": [
        [
            100,
            500,
            1000,
            2000,
            5000
        ],
        [
            [
                2.5619373870999356,
                2.592219016765813,
                2.43717246580593,
                2.4367984385479984,
                2.643559034355684
            ],
            [
                1.1589187147073265,
                1.1606062929662002,
                1.0092446347482378,
                1.107029988205779,
                1.1940830328744165
            ],
            [
                0.7946349631724687,
                0.750951280091476,
                0.8255144362381028,
                0.8167812488803957,
                0.743080566239531
            ],
            [
                0.5506746453745993,
                0.49750729213797734,
                0.6127078788908492,
                0.5652394927772354,
                0.5571675725383685
            ],
            [
                0.3634859552186256,
                0.33442468263684155,
                0.35694519777853884,
                0.3431516943924432,
                0.35291781146452517
            ]
        ]
    ],
    "clifford_shadows": [
        [
            100,
            500,
            1000,
            2000,
            5000
        ],
        [
            [
                1.696009849422305,
                1.631011459513049,
                1.5622331847524151,
                1.4755470299837607,
                1.6441553257492019
            ],
            [
                0.7210307798913966,
                0.7623368131244952,
                0.7249235872185882,
                0.7619961220070476,
                0.7208277566531603
            ],
            [
                0.525809535982784,
                0.5167637743955931,
                0.5359292966940963,
                0.4964378981598622,
                0.5183294077520265
            ],
            [
                0.36939218350139275,
                0.3744764737734937,
                0.3879526388924976,
                0.37694648808396414,
                0.3796412364230214
            ],
            [
                0.22741635020695158,
                0.2499983542506505,
                0.2226085126088179,
                0.2294872773158576,
                0.23916040354329926
            ]
        ]
    ],
    "pauli_shadow_time": [
        [
            100,
            500,
            1000,
            2000,
            5000
        ],
        [
            [
                47.008490562438965,
                56.05042338371277,
                46.61175584793091,
                44.8411180973053,
                45.01978278160095
            ],
            [
                156.19595313072205,
                160.7074375152588,
                159.50882196426392,
                163.02717471122742,
                162.31906294822693
            ],
            [
                312.2194814682007,
                310.58805084228516,
                313.7875669002533,
                316.5213532447815,
                308.2683455944061
            ],
            [
                620.2966816425323,
                625.164473772049,
                633.7743189334869,
                618.216189622879,
                621.4436707496643
            ],
            [
                1610.1712777614594,
                1649.7983889579773,
                1646.0062093734741,
                1638.491592168808,
                1585.0546867847443
            ]
        ]
    ],
    "clifford_shadow_time": [
        [
            100,
            500,
            1000,
            2000,
            5000
        ],
        [
            [
                54.56247925758362,
                48.66104698181152,
                49.38640117645264,
                47.51096701622009,
                47.626885652542114
            ],
            [
                178.4251844882965,
                181.6798815727234,
                181.57625889778137,
                182.87291359901428,
                179.82006740570068
            ],
            [
                338.9636595249176,
                350.83153772354126,
                351.81866931915283,
                351.74093675613403,
                353.8501994609833
            ],
            [
                698.0038132667542,
                700.6861205101013,
                705.1565375328064,
                700.5581851005554,
                701.395941734314
            ],
            [
                1795.2515106201172,
                1804.8435559272766,
                1809.5891382694244,
                1806.3360743522644,
                1819.2390811443329
            ]
        ]
    ]
}