{"hyperparameters": {"num_single_patch_data_reuploading_layers": 1, "num_single_patch_d_and_r_repetitions": 2, "num_four_patch_d_and_r_repetitions": 2, "num_two_patch_2_q_pqc_layers": 1, "num_finishing_4q_layers": 1, "shots": 10, "n_shadows": 5, "shadow_type": "clifford", "simulation": true, "init_lr": 0.1, "beta_1": 0.9, "beta_2": 0.999, "noise_factor": 1e-08, "eps": 1e-08, "c": 0.2, "alpha": 0.602, "gamma": 0.101, "n_epoches": 1, "previous_checkpoint": null, "save_filename": "20230725-164330_8q_circ_4q_rep_SimCLR_classical_shadow_training_result.json", "batch_size": 10, "A": null, "a": null}, "train_loss_list": [2.9435093314384955], "val_loss_list": [3.660607226217261], "test_loss_list": [3.6638004879123067], "all_optimisation_iterations_loss_list": [2.9451392463868116, 2.945125537912481, 2.9454994137363704, 2.9360833634287404, 2.94573230378871, 2.941766403283375, 2.9431489388487617, 2.945579444122713], "params": [1.2267774655163837, 2.413446904458769, 2.327722201984097, -0.7920689371651021, -0.342804802052239, 0.6986178198125447, 1.4645992860284414, -0.43412001955752627, 1.2454343231382936, 2.4074574748857365, 2.4514389954360287, 2.2646333282024247, 0.11792927478831938, -0.22971754559264246, 0.8956991197952676, -0.37080419033847334, 2.0726885868602483, -1.6523899802646964, -1.8640761396391874, 0.7615631733156367, 3.2650137613330954, 3.186532322044283, -0.9002368064907568, -1.406813881067555, -2.403501120341621, -3.0711461376947082, 0.6056168631964501, 1.6756450274283232, 0.8203220948429754, -2.5096720104551946, 1.6945625266286075, -0.665518641827279, 2.1497684576762777, 0.007134410670868431]}