{
    "0": {
        "optmization_process": {
            "n_train": [
                200,
                200,
                200,
                200,
                200
            ],
            "step": [
                1,
                2,
                3,
                4,
                5
            ],
            "train_cost": [
                1.3549505744943808,
                1.3574553683142137,
                1.358657639881254,
                1.3533279729154568,
                1.3598115892593177
            ],
            "train_acc": [
                0.42,
                0.415,
                0.385,
                0.47,
                0.425
            ],
            "test_cost": [
                1.3713325604435216,
                1.369933980491569,
                1.3717945260711175,
                1.3486338401814078,
                1.3577746600368679
            ],
            "test_acc": [
                0.3,
                0.33,
                0.29,
                0.4,
                0.39
            ]
        },
        "optmized_params": [
            -0.07382923756003437,
            0.6732584392888491,
            0.4744611099747058,
            0.18787845215637447,
            -0.14191321429876738,
            0.9287374556023006,
            1.481148631903078,
            1.2440417775459134,
            0.8339305690840363,
            -0.31659372749682024,
            -0.2779601831456173,
            0.5070143598477418,
            -0.4819098172192082,
            -0.13579052238266723,
            -0.33031215230553346,
            0.022954785755192636,
            0.22742013948876363,
            0.7903731133595172,
            0.2806267288290878,
            -0.047782292230433926,
            1.2292283696713808,
            0.39991642101521585,
            0.04806584709883657,
            -0.1625548999267961,
            0.781131931137708,
            1.148881919622464,
            -0.11512836958914177,
            1.2908920800707178,
            0.9471490092368148,
            0.11840592426404786,
            -0.21424842134693559,
            1.1430032058091726,
            0.16883726779512812,
            0.6407332322995033,
            0.35627102294435053,
            1.496052689144169,
            1.1800934799433969,
            -0.3652438189170676,
            0.8294945804543291,
            1.244737289678906,
            -0.07769560294573588,
            -0.3007314519307476,
            0.06041105436633862,
            0.05724445508799461,
            -0.11727420131470237,
            1.0472839797911278,
            0.030058906894250476,
            -0.25958532745059804,
            -0.014994829253325709,
            0.6624341712945637,
            0.7314841098492212,
            0.6030000493750728,
            0.23189872238238787,
            -0.006855233107038866,
            -0.05356546553955885,
            -0.12188042127362378,
            -0.3354798079415722,
            0.9891556056458554,
            -0.22466893940726154,
            0.26436291941719414,
            0.7878881324428041,
            0.5794061936218049,
            1.1107943892783783,
            1.2476090770942059,
            1.1834668884803212,
            0.5790771667355271,
            0.6300100391344186,
            0.6413601535312041,
            1.2787229326470542,
            1.0056923428085371,
            0.4073658821181815,
            -0.45090751434087106,
            0.6757269757384646,
            -0.11678540179966893,
            0.7681136478677436,
            1.3825028968024313,
            0.5212870290034395,
            -0.36934756510538247,
            0.7643634564055423,
            1.1689071823563266,
            -0.3755859213388396,
            1.2914655677097318,
            0.7581850928309753,
            0.9804513557307001,
            -0.374490493373833,
            1.0493653184428424,
            0.4098766653217356,
            0.1954924208340895,
            0.46356087276062785,
            0.6842430433608573,
            0.43305688168408385,
            1.6021271641369046,
            0.18440296041127205,
            -0.3280238501771232,
            0.15581521774925303,
            1.1761188677944472,
            0.9634511205412594,
            0.9047255326564284,
            1.1105455517938534,
            -0.5194930700222372,
            0.4252590084329332,
            -0.5669875697542733,
            0.2536678729412334,
            0.862677555853577,
            1.4479016912160085,
            -0.48441710229694734,
            0.4276237416352613,
            1.2417140401994866
        ]
    }
}