{
    "pauli_shadows": [
        [
            100,
            500,
            1000,
            2000,
            5000
        ],
        [
            [
                2.5196203570029096,
                2.756095577533643,
                2.600406242339508,
                2.477787156172604,
                2.5649166193751323
            ],
            [
                1.0556927582918036,
                1.098256109143352,
                1.1124933318444117,
                1.1847630993490919,
                1.1544056087026644
            ],
            [
                0.840925277518444,
                0.8271660598611011,
                0.8562861722275309,
                0.7861010908344535,
                0.7822318426325028
            ],
            [
                0.49920654129003117,
                0.5782782271499493,
                0.5333483174813678,
                0.5342828753031044,
                0.5281632501884199
            ],
            [
                0.35322072840321145,
                0.34117347637914125,
                0.35384154540914947,
                0.36549799315849163,
                0.3735845833251111
            ]
        ]
    ],
    "clifford_shadows": [
        [
            100,
            500,
            1000,
            2000,
            5000
        ],
        [
            [
                1.7496110037636334,
                1.6399493687243465,
                1.7058633182500622,
                1.6119414900833902,
                1.6477509283691438
            ],
            [
                0.6962358057825098,
                0.7810945617093853,
                0.7640015178628147,
                0.7756845618654528,
                0.7181685493377935
            ],
            [
                0.4995365436943423,
                0.49096655559862673,
                0.519123007467317,
                0.5407493121767303,
                0.48865208910916935
            ],
            [
                0.41435684080431523,
                0.3567483782365121,
                0.34664119283036166,
                0.35444305829115247,
                0.3907696076794651
            ],
            [
                0.22928316303047994,
                0.2476383242284996,
                0.23485946938116925,
                0.21865582640408598,
                0.22833466540873534
            ]
        ]
    ],
    "pauli_shadow_time": [
        [
            100,
            500,
            1000,
            2000,
            5000
        ],
        [
            [
                19.157997131347656,
                18.11829972267151,
                18.844098806381226,
                18.56641125679016,
                18.433037042617798
            ],
            [
                61.363409757614136,
                64.12181401252747,
                61.5163300037384,
                62.9562406539917,
                61.7772581577301
            ],
            [
                120.31971287727356,
                121.28491282463074,
                124.76034951210022,
                123.80908012390137,
                127.45119667053223
            ],
            [
                232.64976048469543,
                243.0192642211914,
                232.02721214294434,
                254.14901041984558,
                237.56915020942688
            ],
            [
                604.4572494029999,
                635.3744270801544,
                660.4838597774506,
                635.9628155231476,
                643.0574445724487
            ]
        ]
    ],
    "clifford_shadow_time": [
        [
            100,
            500,
            1000,
            2000,
            5000
        ],
        [
            [
                25.272000312805176,
                21.62848138809204,
                23.96345353126526,
                22.304436683654785,
                23.251168727874756
            ],
            [
                87.03775644302368,
                81.91999292373657,
                85.42365312576294,
                85.73565316200256,
                83.91891646385193
            ],
            [
                165.27514839172363,
                168.87600755691528,
                168.49560236930847,
                167.99881076812744,
                166.28764295578003
            ],
            [
                339.41966438293457,
                340.0014419555664,
                344.0487895011902,
                339.1429443359375,
                340.7777473926544
            ],
            [
                911.2639265060425,
                912.7781615257263,
                901.5453960895538,
                895.4281723499298,
                881.7788829803467
            ]
        ]
    ]
}