{
    "losses": [
        0.44620425575657896,
        0.4449989720394737,
        0.44488589638157894,
        0.44469315378289476,
        0.44620168585526315,
        0.44629420230263156,
        0.44611173930921055,
        0.44635074013157894,
        0.4452868009868421,
        0.4446957236842105,
        0.4443359375,
        0.4453818873355263,
        0.4452302631578947,
        0.44530736019736844,
        0.44534333881578947,
        0.44502981085526316,
        0.4458573190789474,
        0.4442562705592105,
        0.44361893503289473,
        0.44576994243421053,
        0.4468570106907895,
        0.4445903577302632,
        0.44730417351973684,
        0.4451968544407895,
        0.44447214226973686,
        0.4462171052631579,
        0.4461888363486842,
        0.4472527754934211,
        0.4454358552631579,
        0.44525853207236843,
        0.4451968544407895,
        0.4457082648026316,
        0.4457236842105263,
        0.44534847861842103,
        0.4462993421052632,
        0.44496042351973686,
        0.44403011924342106,
        0.4450555098684211,
        0.44480622944078946,
        0.4464072779605263,
        0.44513003700657894,
        0.4446828741776316,
        0.44583675986842103,
        0.4439427425986842,
        0.4445543791118421,
        0.44686472039473685,
        0.444873046875,
        0.4449450041118421,
        0.4467002467105263,
        0.44628135279605263,
        0.4454846833881579
    ],
    "params": [
        -1.7489427882840085,
        3.5935036023747227,
        -0.6690280699545963,
        -0.7826883810700394,
        2.3982359531347326,
        1.1508665705797183,
        -1.1033364240989316,
        0.8447606129277347,
        -2.245495291556848,
        -1.6471339200930202,
        1.9045960020005035,
        -2.35419657080271,
        3.1307160745823968,
        -1.0875007750624426,
        -1.7623433686643424,
        1.0773195685567698,
        1.8522254080982679,
        4.087974566060671,
        -1.9340734031922031,
        2.576423288527711,
        1.4506142789056398,
        0.16125840592125673,
        -1.5080172896363593,
        -2.2184178930722345,
        -0.3964892727567779,
        1.1219154138314362,
        0.43095251606508356,
        1.3948257644937705,
        -2.590995920663063,
        -2.6147224639091196,
        0.8790823639324188,
        1.9696381269464043,
        -1.1094234498395776,
        1.6421433508602172,
        0.7907081281904969,
        2.9967808613815903,
        0.5963829599999397,
        1.9956795134817833,
        2.941952984637555,
        -0.9202940501460288,
        1.7211001149686735,
        2.5556362549598157,
        -0.25543390108529307,
        -2.203850758779478,
        2.018562092630807,
        -1.0167698009361916,
        -2.4360056193816435,
        -2.692814525353785,
        2.3597541547487655,
        -1.6702316403558521,
        1.8634842016344502,
        0.20332436305676982,
        -2.407734177700074,
        2.804451578468803,
        2.896799969767754,
        -1.9693068515872387,
        -1.0215770662218282,
        1.0215121808940575,
        -1.855721104595745,
        -0.7729166935646563,
        -3.1028233646900074,
        0.6989328860038686,
        -0.8337386710057038,
        0.5670126348823943,
        2.818968967745618,
        -0.6458026923508404,
        2.4962534027612486,
        -0.6021834971905058,
        1.4443694261487101,
        0.48042150305407016,
        3.1315965455112016,
        0.32535391208177344,
        -0.07065532861428503,
        -1.6966177281134263,
        -1.7645994540667846,
        -2.9189805071213253,
        -1.0932538381452437,
        -2.9609199128206183,
        -2.9157889200066944,
        2.8279884071526293,
        -0.6802454658978423,
        0.14298578536836537,
        1.2590832683341073,
        1.4128812090453984,
        -0.4262937081967628,
        1.8146266935059963,
        -1.7420589332410792,
        0.9909045185788425,
        -2.2032854868712493,
        -0.684683655128179,
        0.33780629312370003,
        -0.5756987007944478,
        -3.0244071882853967,
        -0.3429002953487954,
        2.0930032193798933,
        1.714043514484045,
        0.7562736008293354,
        2.4879653589123034,
        -3.0836213212935304,
        0.7758137939825605,
        0.5555658356069699,
        2.64630345222246,
        -2.753303563790117,
        -2.456773774299604,
        2.7251568439002387,
        0.9517703026409663,
        -0.00713658308878129,
        1.9098316369625126,
        -2.840482133388852,
        -2.972628081604621,
        -3.131005612885681,
        -2.1423255735510898,
        1.7122039947441685,
        -1.394289378395008,
        -1.6344033080385392,
        -2.638505434239279,
        -1.2602400133574168,
        -1.9083525535240722,
        1.4651139423982666,
        1.7291515396627828,
        1.072618527880918,
        0.7998734930120652,
        2.2981488597361936,
        -0.8791542047770662,
        -2.6264570582357387,
        2.9654310680037215,
        0.029759366019384892,
        -0.037795966769535116,
        2.3095500878197495,
        3.077456103451193,
        -2.2077745831729385,
        -0.9916982922695006,
        0.068398467180383,
        2.3193471870995594,
        2.262771407892659,
        -1.8618057919571696,
        0.5219825726230627,
        -2.7833499581438983,
        2.223838536201792,
        2.1638606768165003,
        -0.8590533494089962,
        -0.8819866470359212,
        1.7873544091174498,
        3.080477888689855,
        0.28104604591324334,
        -2.1030354956396646,
        2.869415580590527,
        -0.8755462337336795,
        2.3008517173316223,
        1.244219116151422,
        0.033751549101620704,
        0.3733755358308337,
        -0.5194137034663098,
        -2.473246888552247,
        2.966582624387538,
        -1.9176692476664574,
        -2.399362094710526,
        1.711146524277157,
        -2.0506911205012477,
        -0.6470279459515513,
        0.5104482260298422,
        1.4115707384080167,
        -2.865460641290722,
        2.5330457156217445,
        -1.8948590017398443,
        -2.700105541973433,
        0.33919433951906397,
        0.7952006547602397,
        -1.7490159365625058,
        -0.2519046310095385,
        1.7627622101051639,
        -1.909668679388542,
        3.0060047215482752,
        2.4939625500263514,
        1.6091260423815292,
        -1.3627814707765709,
        -0.687532432618724,
        -2.546038436649921,
        -0.4185151297037386,
        0.30900177509003246,
        -2.7582487979008015,
        -0.6472479905186739,
        2.9759124192248976,
        0.12929512654136355,
        -2.5088603104185623,
        -0.185694858235816,
        -1.0737760292490388,
        -2.4681044016940086,
        -2.054273275905343,
        -0.11246647735398696,
        -2.334752765263408,
        0.960906697084976,
        -0.19721738081687334,
        2.4923531143303466,
        1.9961244732323573,
        -0.9338104862492291,
        1.728325648942369,
        -0.35341731748939775,
        -2.3606419943296713,
        -0.9346597259152158,
        0.596190981595055,
        -2.8151185790314757,
        3.052394777093668,
        -0.005899961870698522,
        -2.8344364874090826,
        -2.028809163040579,
        2.1641795843126808,
        -1.864378393680801,
        -1.1087067067945502,
        -0.2963285316478128,
        -0.9129184826633518,
        -1.0450008124114651,
        0.03332662987644719,
        -1.4005283301776128,
        0.39663882773530723,
        0.22852090192562935,
        2.9295680759981684,
        0.19534921317841025,
        2.600017247735308,
        1.5412900064147417,
        -0.14069049191001426,
        -2.766663660912914,
        -0.03315343874067045,
        2.4799122825410462,
        -0.7309283768756356,
        -2.802960257084216,
        -0.8905184348625843,
        2.78759557611499
    ]
}